{
    "logistic": 0.4444444444444444,
    "naive_bayes": 0.3888888888888889,
    "random_forest": 0.16666666666666666
}